producto_nombre,periodo,cantidad_demandada
SEED_Widget A,2025-01-01,100
SEED_Widget A,2025-02-01,105
SEED_Widget A,2025-03-01,98
SEED_Widget A,2025-04-01,102
SEED_Widget A,2025-05-01,110
SEED_Widget A,2025-06-01,95
SEED_Widget A,2025-07-01,108
SEED_Widget A,2025-08-01,100
SEED_Widget A,2025-09-01,103
SEED_Widget A,2025-10-01,97
SEED_Widget A,2025-11-01,105
SEED_Widget A,2025-12-01,102
SEED_Widget B,2025-01-01,60
SEED_Widget B,2025-02-01,120
SEED_Widget B,2025-03-01,80
SEED_Widget B,2025-04-01,150
SEED_Widget B,2025-05-01,70
SEED_Widget B,2025-06-01,130
SEED_Widget B,2025-07-01,90
SEED_Widget B,2025-08-01,110
SEED_Widget B,2025-09-01,75
SEED_Widget B,2025-10-01,140
SEED_Widget B,2025-11-01,85
SEED_Widget B,2025-12-01,125
SEED_Tornillo M3,2025-01-01,2000
SEED_Tornillo M3,2025-02-01,2100
SEED_Tornillo M3,2025-03-01,1950
SEED_Tornillo M3,2025-04-01,2050
SEED_Tornillo M3,2025-05-01,2200
SEED_Tornillo M3,2025-06-01,1900
SEED_Tornillo M3,2025-07-01,2150
SEED_Tornillo M3,2025-08-01,2000
SEED_Tornillo M3,2025-09-01,2050
SEED_Tornillo M3,2025-10-01,1950
SEED_Tornillo M3,2025-11-01,2100
SEED_Tornillo M3,2025-12-01,2000
SEED_Cable HDMI,2025-01-01,50
SEED_Cable HDMI,2025-02-01,300
SEED_Cable HDMI,2025-03-01,80
SEED_Cable HDMI,2025-04-01,450
SEED_Cable HDMI,2025-05-01,30
SEED_Cable HDMI,2025-06-01,500
SEED_Cable HDMI,2025-07-01,70
SEED_Cable HDMI,2025-08-01,400
SEED_Cable HDMI,2025-09-01,40
SEED_Cable HDMI,2025-10-01,350
SEED_Cable HDMI,2025-11-01,60
SEED_Cable HDMI,2025-12-01,420
SEED_Engrane G7,2025-01-01,10
SEED_Engrane G7,2025-02-01,80
SEED_Engrane G7,2025-03-01,15
SEED_Engrane G7,2025-04-01,100
SEED_Engrane G7,2025-05-01,8
SEED_Engrane G7,2025-06-01,120
SEED_Engrane G7,2025-07-01,20
SEED_Engrane G7,2025-08-01,95
SEED_Engrane G7,2025-09-01,12
SEED_Engrane G7,2025-10-01,110
SEED_Engrane G7,2025-11-01,18
SEED_Engrane G7,2025-12-01,105
SEED_Pintura 1L,2025-01-01,180
SEED_Pintura 1L,2025-02-01,320
SEED_Pintura 1L,2025-03-01,200
SEED_Pintura 1L,2025-04-01,350
SEED_Pintura 1L,2025-05-01,190
SEED_Pintura 1L,2025-06-01,310
SEED_Pintura 1L,2025-07-01,210
SEED_Pintura 1L,2025-08-01,330
SEED_Pintura 1L,2025-09-01,195
SEED_Pintura 1L,2025-10-01,340
SEED_Pintura 1L,2025-11-01,205
SEED_Pintura 1L,2025-12-01,315
